-- サンプルデータ
INSERT INTO "Allergy" ("allergyId", "allergyName") VALUES 
(1, '小麦'),
(2, 'そば'),
(3, '大豆'),
(4, 'ごま'),
(5, '卵'),
(6, '乳'),
(7, '牛肉'),
(8, '鶏肉'),
(9, '豚肉'),
(10, 'さば'),
(11, 'かに'),
(12, 'えび'),
(13, 'あわび'),
(14, 'いか'),
(15, 'いくら'),
(16, 'ゼラチン'),
(17, 'さけ'),
(18, 'カシューナッツ'),
(19, 'アーモンド'),
(20, 'くるみ'),
(21, 'まつたけ'),
(22, 'ピーナッツ'),
(23, 'もも'),
(24, 'りんご'),
(25, 'バナナ'),
(26, 'キウイ'),
(27, 'オレンジ'),
(28, 'やまいも');

INSERT INTO "Category" ("categoryId", "categoryName") VALUES 
(1, 'おつまみ'),
(2, 'やきとり'),
(3, '一品料理'),
(4, 'アルコール類'),
(5, 'ソフトドリンク');

INSERT INTO "Product" ("productId", "productName", "price", "categoryId", "description", "imageUrl", "isSoldOut") VALUES 
(1, 'えだまめ', 300, 1, '説明', 'https://firebasestorage.googleapis.com/v0/b/procon-72310.appspot.com/o/images%2Fcola.jpg?alt=media&token=6ea63d0b-983f-47a7-8ffb-53ff19cea57b', false),
(2, '塩キャベツ', 250, 1, '説明', 'https://firebasestorage.googleapis.com/v0/b/procon-72310.appspot.com/o/images%2Fcola.jpg?alt=media&token=6ea63d0b-983f-47a7-8ffb-53ff19cea57b', false),
(3, 'チヂミ', 300, 1, '説明', 'https://firebasestorage.googleapis.com/v0/b/procon-72310.appspot.com/o/images%2Fcola.jpg?alt=media&token=6ea63d0b-983f-47a7-8ffb-53ff19cea57b', false),
(4, 'キムチ', 300, 1, '説明', 'https://firebasestorage.googleapis.com/v0/b/procon-72310.appspot.com/o/images%2Fcola.jpg?alt=media&token=6ea63d0b-983f-47a7-8ffb-53ff19cea57b', false),
(5, '韓国のり', 200, 1, '説明', 'https://firebasestorage.googleapis.com/v0/b/procon-72310.appspot.com/o/images%2Fcola.jpg?alt=media&token=6ea63d0b-983f-47a7-8ffb-53ff19cea57b', false),
(6, 'オニオンリング', 380, 1, '説明', 'https://firebasestorage.googleapis.com/v0/b/procon-72310.appspot.com/o/images%2Fcola.jpg?alt=media&token=6ea63d0b-983f-47a7-8ffb-53ff19cea57b', false),
(7, 'ももたれ', 540, 2, '説明', 'https://firebasestorage.googleapis.com/v0/b/procon-72310.appspot.com/o/images%2Fcola.jpg?alt=media&token=6ea63d0b-983f-47a7-8ffb-53ff19cea57b', false),
(8, 'ももしお', 540, 2, '説明', 'https://firebasestorage.googleapis.com/v0/b/procon-72310.appspot.com/o/images%2Fcola.jpg?alt=media&token=6ea63d0b-983f-47a7-8ffb-53ff19cea57b', false),
(9, 'かわたれ', 540, 2, '説明', 'https://firebasestorage.googleapis.com/v0/b/procon-72310.appspot.com/o/images%2Fcola.jpg?alt=media&token=6ea63d0b-983f-47a7-8ffb-53ff19cea57b', false),
(10, 'かわしお', 540, 2, '説明', 'https://firebasestorage.googleapis.com/v0/b/procon-72310.appspot.com/o/images%2Fcola.jpg?alt=media&token=6ea63d0b-983f-47a7-8ffb-53ff19cea57b', false),
(11, 'つくね', 540, 2, '説明', 'https://firebasestorage.googleapis.com/v0/b/procon-72310.appspot.com/o/images%2Fcola.jpg?alt=media&token=6ea63d0b-983f-47a7-8ffb-53ff19cea57b', false),
(12, 'ねぎま', 540, 2, '説明', 'https://firebasestorage.googleapis.com/v0/b/procon-72310.appspot.com/o/images%2Fcola.jpg?alt=media&token=6ea63d0b-983f-47a7-8ffb-53ff19cea57b', false),
(13, 'チーズボール', 460, 3, '説明', 'https://firebasestorage.googleapis.com/v0/b/procon-72310.appspot.com/o/images%2Fcola.jpg?alt=media&token=6ea63d0b-983f-47a7-8ffb-53ff19cea57b', false),
(14, '焼き餃子', 480, 3, '説明', 'https://firebasestorage.googleapis.com/v0/b/procon-72310.appspot.com/o/images%2Fcola.jpg?alt=media&token=6ea63d0b-983f-47a7-8ffb-53ff19cea57b', false),
(15, 'コーンバター', 460, 3, '説明', 'https://firebasestorage.googleapis.com/v0/b/procon-72310.appspot.com/o/images%2Fcola.jpg?alt=media&token=6ea63d0b-983f-47a7-8ffb-53ff19cea57b', false),
(16, 'エビマヨ', 500, 3, '説明', 'https://firebasestorage.googleapis.com/v0/b/procon-72310.appspot.com/o/images%2Fcola.jpg?alt=media&token=6ea63d0b-983f-47a7-8ffb-53ff19cea57b', false),
(17, 'だしまき', 360, 3, '説明', 'https://firebasestorage.googleapis.com/v0/b/procon-72310.appspot.com/o/images%2Fcola.jpg?alt=media&token=6ea63d0b-983f-47a7-8ffb-53ff19cea57b', false),
(18, 'ポテト', 450, 3, '説明', 'https://firebasestorage.googleapis.com/v0/b/procon-72310.appspot.com/o/images%2Fcola.jpg?alt=media&token=6ea63d0b-983f-47a7-8ffb-53ff19cea57b', false),
(19, 'からあげ', 500, 3, '説明', 'https://firebasestorage.googleapis.com/v0/b/procon-72310.appspot.com/o/images%2Fcola.jpg?alt=media&token=6ea63d0b-983f-47a7-8ffb-53ff19cea57b', false),
(20, '軟骨揚げ', 500, 3, '説明', 'https://firebasestorage.googleapis.com/v0/b/procon-72310.appspot.com/o/images%2Fcola.jpg?alt=media&token=6ea63d0b-983f-47a7-8ffb-53ff19cea57b', false),
(21, 'エビフライ', 500, 3, '説明', 'https://firebasestorage.googleapis.com/v0/b/procon-72310.appspot.com/o/images%2Fcola.jpg?alt=media&token=6ea63d0b-983f-47a7-8ffb-53ff19cea57b', false),
(22, '生ビール', 560, 4, '説明', 'https://firebasestorage.googleapis.com/v0/b/procon-72310.appspot.com/o/images%2Fcola.jpg?alt=media&token=6ea63d0b-983f-47a7-8ffb-53ff19cea57b', false),
(23, '角ハイボール', 480, 4, '説明', 'https://firebasestorage.googleapis.com/v0/b/procon-72310.appspot.com/o/images%2Fcola.jpg?alt=media&token=6ea63d0b-983f-47a7-8ffb-53ff19cea57b', false),
(24, 'コークハイ', 480, 4, '説明', 'https://firebasestorage.googleapis.com/v0/b/procon-72310.appspot.com/o/images%2Fcola.jpg?alt=media&token=6ea63d0b-983f-47a7-8ffb-53ff19cea57b', false),
(25, 'レモンサワー', 480, 4, '説明', 'https://firebasestorage.googleapis.com/v0/b/procon-72310.appspot.com/o/images%2Fcola.jpg?alt=media&token=6ea63d0b-983f-47a7-8ffb-53ff19cea57b', false),
(26, 'ウーロンハイ', 480, 4, '説明', 'https://firebasestorage.googleapis.com/v0/b/procon-72310.appspot.com/o/images%2Fcola.jpg?alt=media&token=6ea63d0b-983f-47a7-8ffb-53ff19cea57b', false),
(27, 'カルピスサワー', 480, 4, '説明', 'https://firebasestorage.googleapis.com/v0/b/procon-72310.appspot.com/o/images%2Fcola.jpg?alt=media&token=6ea63d0b-983f-47a7-8ffb-53ff19cea57b', false),
(28, 'ライムサワー', 480, 4, '説明', 'https://firebasestorage.googleapis.com/v0/b/procon-72310.appspot.com/o/images%2Fcola.jpg?alt=media&token=6ea63d0b-983f-47a7-8ffb-53ff19cea57b', false),
(29, '梅サワー', 480, 4, '説明', 'https://firebasestorage.googleapis.com/v0/b/procon-72310.appspot.com/o/images%2Fcola.jpg?alt=media&token=6ea63d0b-983f-47a7-8ffb-53ff19cea57b', false),
(30, '日本酒', 480, 4, '説明', 'https://firebasestorage.googleapis.com/v0/b/procon-72310.appspot.com/o/images%2Fcola.jpg?alt=media&token=6ea63d0b-983f-47a7-8ffb-53ff19cea57b', false),
(31, '梅酒', 480, 4, '説明', 'https://firebasestorage.googleapis.com/v0/b/procon-72310.appspot.com/o/images%2Fcola.jpg?alt=media&token=6ea63d0b-983f-47a7-8ffb-53ff19cea57b', false),
(32, 'カシスオレンジ', 480, 4, '説明', 'https://firebasestorage.googleapis.com/v0/b/procon-72310.appspot.com/o/images%2Fcola.jpg?alt=media&token=6ea63d0b-983f-47a7-8ffb-53ff19cea57b', false),
(33, 'カシスグレープ', 480, 4, '説明', 'https://firebasestorage.googleapis.com/v0/b/procon-72310.appspot.com/o/images%2Fcola.jpg?alt=media&token=6ea63d0b-983f-47a7-8ffb-53ff19cea57b', false),
(34, 'ウィスキー', 480, 4, '説明', 'https://firebasestorage.googleapis.com/v0/b/procon-72310.appspot.com/o/images%2Fcola.jpg?alt=media&token=6ea63d0b-983f-47a7-8ffb-53ff19cea57b', false),
(35, 'コーラ', 200, 5, '説明', 'https://firebasestorage.googleapis.com/v0/b/procon-72310.appspot.com/o/images%2Fcola.jpg?alt=media&token=6ea63d0b-983f-47a7-8ffb-53ff19cea57b', false),
(36, 'オレンジ', 200, 5, '説明', 'https://firebasestorage.googleapis.com/v0/b/procon-72310.appspot.com/o/images%2Fcola.jpg?alt=media&token=6ea63d0b-983f-47a7-8ffb-53ff19cea57b', false),
(37, 'カルピス', 200, 5, '説明', 'https://firebasestorage.googleapis.com/v0/b/procon-72310.appspot.com/o/images%2Fcola.jpg?alt=media&token=6ea63d0b-983f-47a7-8ffb-53ff19cea57b', false),
(38, '王老吉', 200, 5, '説明', 'https://firebasestorage.googleapis.com/v0/b/procon-72310.appspot.com/o/images%2Fcola.jpg?alt=media&token=6ea63d0b-983f-47a7-8ffb-53ff19cea57b', false),
(39, 'ウーロン茶', 200, 5, '説明', 'https://firebasestorage.googleapis.com/v0/b/procon-72310.appspot.com/o/images%2Fcola.jpg?alt=media&token=6ea63d0b-983f-47a7-8ffb-53ff19cea57b', false),
(40, 'コーヒー', 200, 5, '説明', 'https://firebasestorage.googleapis.com/v0/b/procon-72310.appspot.com/o/images%2Fcola.jpg?alt=media&token=6ea63d0b-983f-47a7-8ffb-53ff19cea57b', false);

INSERT INTO "Ingredient" ("ingredientId", "ingredientName") VALUES 
(1, '小麦'),
(2, 'そば'),
(3, '大豆'),
(4, 'ごま'),
(5, '卵'),
(6, '乳'),
(7, '牛肉'),
(8, '鶏肉'),
(9, '豚肉'),
(10, 'さば'),
(11, 'かに'),
(12, 'えび'),
(13, 'あわび'),
(14, 'いか'),
(15, 'いくら'),
(16, 'ゼラチン'),
(17, 'さけ'),
(18, 'カシューナッツ'),
(19, 'アーモンド'),
(20, 'くるみ'),
(21, 'まつたけ'),
(22, 'ピーナッツ'),
(23, 'もも'),
(24, 'りんご'),
(25, 'バナナ'),
(26, 'キウイ'),
(27, 'オレンジ'),
(28, 'やまいも'),
(29, 'キャベツ'),
(30, '白菜'),
(31, '唐辛子'),
(32, '海苔'),
(33, '玉ねぎ'),
(34, 'ネギ'),
(35, 'トウモロコシ'),
(36, 'じゃがいも'),
(37, 'チーズ'),
(38, 'バター'),
(39, 'マヨネーズ'),
(40, 'かつお節'),
(41, 'にんじん'),
(42, 'ピーマン'),
(43, 'しいたけ'),
(44, 'えのきだけ'),
(45, '豆腐'),
(46, 'ほうれん草'),
(47, 'ブロッコリー'),
(48, 'レタス'),
(49, 'アボカド'),
(50, 'パセリ'),
(51, 'ミント'),
(52, 'ライム'),
(53, 'レモン'),
(54, 'オリーブオイル'),
(55, 'にんにく'),
(56, '生姜');

INSERT INTO "Menu" ("menuId", "menuCategoryName", "displayOrder") VALUES 
(1, 'おつまみ', 1),
(2, 'やきとり', 2),
(3, '一品料理', 3),
(4, 'アルコール類', 4),
(5, 'ソフトドリンク', 5);

INSERT INTO "MenuProduct" ("menuProductId", "menuId", "productId", "pages", "displayOrder") VALUES 
(1, 1, 1, 1, 1),
(2, 1, 2, 1, 2),
(3, 1, 3, 1, 3),
(4, 1, 4, 1, 4),
(5, 1, 5, 1, 5),
(6, 1, 6, 1, 6),
(7, 2, 7, 1, 1),
(8, 2, 8, 1, 2),
(9, 2, 9, 1, 3),
(10, 2, 10, 1, 4),
(11, 2, 11, 1, 5),
(12, 2, 12, 1, 6),
(13, 3, 13, 1, 1),
(14, 3, 14, 1, 2),
(15, 3, 15, 1, 3),
(16, 3, 16, 1, 4),
(17, 3, 17, 1, 5),
(18, 3, 18, 1, 6),
(19, 3, 19, 2, 1),
(20, 3, 20, 2, 2),
(21, 3, 21, 2, 3),
(22, 4, 22, 1, 1),
(23, 4, 23, 1, 2),
(24, 4, 24, 1, 3),
(25, 4, 25, 1, 4),
(26, 4, 26, 1, 5),
(27, 4, 27, 1, 6),
(28, 4, 28, 2, 1),
(29, 4, 29, 2, 2),
(30, 4, 30, 2, 3),
(31, 4, 31, 2, 4),
(32, 4, 32, 2, 5),
(33, 4, 33, 2, 6),
(34, 4, 34, 3, 1),
(35, 5, 35, 1, 1),
(36, 5, 36, 1, 2),
(37, 5, 37, 1, 3),
(38, 5, 38, 1, 4),
(39, 5, 39, 1, 5),
(40, 5, 40, 1, 6);

INSERT INTO "Store" ("storeId", "storeName") VALUES 
(1, '神保町本店'),
(2, '札幌支店'),
(3, '川口支店');

INSERT INTO "StoreTable" ("tableId", "storeId", "tableName") VALUES 
(1, 1, '101'),
(2, 1, '102'),
(3, 1, '103'),
(4, 1, '104'),
(5, 1, '105'),
(6, 1, '106'),
(7, 1, '107'),
(8, 1, '108'),
(9, 1, '109'),
(10, 2, '101'),
(11, 2, '102'),
(12, 2, '103'),
(13, 2, '104'),
(14, 2, '105'),
(15, 2, '106'),
(16, 2, '201'),
(17, 2, '202'),
(18, 2, '203'),
(19, 2, '204'),
(20, 2, '205'),
(21, 3, '101'),
(22, 3, '102'),
(23, 3, '103'),
(24, 3, '104');

INSERT INTO "StoreTableStatus" ("storeTableStatusId", "tableId", "status", "numberOfPeople", "calling") VALUES 
(1, 1, 'EMPTY', 0, false),
(2, 2, 'EMPTY', 0, false),
(3, 3, 'EMPTY', 0, false),
(4, 4, 'EMPTY', 4, false),
(5, 5, 'EMPTY', 0, false),
(6, 6, 'EMPTY', 0, false),
(7, 7, 'EMPTY', 0, false),
(8, 8, 'EMPTY', 0, false),
(9, 9, 'EMPTY', 0, false),
(10, 10, 'EMPTY', 0, false),
(11, 11, 'EMPTY', 0, false),
(12, 12, 'EMPTY', 0, false),
(13, 13, 'EMPTY', 0, false),
(14, 14, 'EMPTY', 0, false),
(15, 15, 'EMPTY', 0, false),
(16, 16, 'EMPTY', 0, false),
(17, 17, 'EMPTY', 0, false),
(18, 18, 'EMPTY', 0, false),
(19, 19, 'EMPTY', 0, false),
(20, 20, 'EMPTY', 0, false),
(21, 21, 'EMPTY', 0, false),
(22, 22, 'EMPTY', 0, false),
(23, 23, 'EMPTY', 0, false),
(24, 24, 'EMPTY', 0, false);

SELECT setval(pg_get_serial_sequence('"Product"', 'productId'), (SELECT MAX("productId") FROM "Product") + 1);
SELECT setval(pg_get_serial_sequence('"ProductAllergy"', 'productAllergyId'), (SELECT MAX("productAllergyId") FROM "ProductAllergy") + 1);
SELECT setval(pg_get_serial_sequence('"ProductIngredient"', 'productIngredientId'), (SELECT MAX("productIngredientId") FROM "ProductIngredient") + 1);
SELECT setval(pg_get_serial_sequence('"UserPreference"', 'userPreferenceId'), (SELECT MAX("userPreferenceId") FROM "UserPreference") + 1);
SELECT setval(pg_get_serial_sequence('"UserAllergy"', 'userAllergyId'), (SELECT MAX("userAllergyId") FROM "UserAllergy") + 1);
SELECT setval(pg_get_serial_sequence('"Ingredient"', 'ingredientId'), (SELECT MAX("ingredientId") FROM "Ingredient") + 1);
SELECT setval(pg_get_serial_sequence('"Menu"', 'menuId'), (SELECT MAX("menuId") FROM "Menu") + 1);
SELECT setval(pg_get_serial_sequence('"MenuProduct"', 'menuProductId'), (SELECT MAX("menuProductId") FROM "MenuProduct") + 1);
SELECT setval(pg_get_serial_sequence('"Order"', 'orderId'), (SELECT MAX("orderId") FROM "Order") + 1);
SELECT setval(pg_get_serial_sequence('"OrderDetail"', 'orderDetailId'), (SELECT MAX("orderDetailId") FROM "OrderDetail") + 1);
SELECT setval(pg_get_serial_sequence('"OrderUser"', 'orderUserId'), (SELECT MAX("orderUserId") FROM "OrderUser") + 1);
SELECT setval(pg_get_serial_sequence('"StoreTableStatus"', 'storeTableStatusId'), (SELECT MAX("storeTableStatusId") FROM "StoreTableStatus") + 1);
SELECT setval(pg_get_serial_sequence('"StoreTable"', 'tableId'), (SELECT MAX("tableId") FROM "StoreTable") + 1);
SELECT setval(pg_get_serial_sequence('"Store"', 'storeId'), (SELECT MAX("storeId") FROM "Store") + 1);
SELECT setval(pg_get_serial_sequence('"Category"', 'categoryId'), (SELECT MAX("categoryId") FROM "Category") + 1);
SELECT setval(pg_get_serial_sequence('"Allergy"', 'allergyId'), (SELECT MAX("allergyId") FROM "Allergy") + 1);
SELECT setval(pg_get_serial_sequence('"OrderHistoryLog"', 'orderHistoryLogId'), (SELECT MAX("orderHistoryLogId") FROM "OrderHistoryLog") + 1);
SELECT setval(pg_get_serial_sequence('"OrderDetailLog"', 'orderDetailLogId'), (SELECT MAX("orderDetailLogId") FROM "OrderDetailLog") + 1);
